{
  "mode": "byte",
  "vocab_size": 259,
  "total_chars": 70042193,
  "total_tokens": 189295444,
  "tokens_per_char": 2.7025916221669415,
  "val_data_tokens": 18929545,
  "val_chars_approx": 7004219,
  "train_losses": [
    5.5562379360198975,
    2.88026385307312,
    2.6595553874969484,
    2.542113431294759,
    2.437184969584147,
    2.3358654340108234,
    2.270190954208374,
    2.2080025990804035,
    2.169565216700236,
    2.104005527496338,
    2.057401355107625,
    1.9985183954238892,
    1.9542382836341858,
    1.940972642103831,
    1.890414865811666,
    1.8461323618888854,
    1.8280016740163167,
    1.8225935180981954,
    1.791789452234904,
    1.7572810530662537,
    1.7591902057329813,
    1.7546589930852254,
    1.733164119720459,
    1.716564953327179,
    1.708890422185262,
    1.6972723722457885,
    1.6855611681938172,
    1.6877564946810404,
    1.6661237398783366,
    1.6345402280489603,
    1.6358855009078979,
    1.6282265861829122,
    1.620607078075409,
    1.6260908365249633,
    1.6203850110371907,
    1.630406419436137,
    1.6114962895711262,
    1.606519099076589,
    1.6013234853744507,
    1.5972305893898011,
    1.5837297201156617,
    1.606658152739207,
    1.5598482807477316,
    1.5850587964057923,
    1.5738720814387004,
    1.577312417825063,
    1.574508269627889,
    1.57607391277949,
    1.552946388721466,
    1.554665950934092,
    1.56479918162028,
    1.5443965911865234,
    1.5304632703463237,
    1.5618932008743287,
    1.553639837106069,
    1.5532259504000345,
    1.5265089790026347,
    1.5333709637324016,
    1.541314705212911,
    1.5414131959279378,
    1.5100090543429057
  ],
  "val_losses": [
    5.559230772654216,
    2.9053622086842856,
    2.720839015642802,
    2.6138715426127117,
    2.477304291725159,
    2.374250292778015,
    2.28463564713796,
    2.264750679334005,
    2.2193769216537476,
    2.1672037680943808,
    2.1103318333625793,
    2.086629017194112,
    2.016309607028961,
    1.9857388377189635,
    1.9479931632677714,
    1.9143094301223755,
    1.8868807673454284,
    1.8437957485516867,
    1.8468762954076132,
    1.8229858994483947,
    1.803968111673991,
    1.8173119227091472,
    1.7877218763033549,
    1.753840951124827,
    1.7637653787930807,
    1.7556773900985718,
    1.7493919571240744,
    1.7352847139040628,
    1.7297376314798991,
    1.6970146814982097,
    1.6908057729403179,
    1.6964744210243226,
    1.688555641969045,
    1.6937967737515767,
    1.682618832588196,
    1.6785575906435648,
    1.6529812534650168,
    1.679758620262146,
    1.6615554332733153,
    1.6603800415992738,
    1.6528143326441447,
    1.657602075735728,
    1.6321525613466898,
    1.6323648969332376,
    1.6383116563161215,
    1.6364422877629599,
    1.6333065708478292,
    1.6250795046488444,
    1.627903159459432,
    1.6109421054522197,
    1.6172232389450074,
    1.6075751860936482,
    1.633574946721395,
    1.5969211101531982,
    1.6037187536557516,
    1.6013593753178914,
    1.59257333278656,
    1.5850616614023845,
    1.5852507869402568,
    1.5923539559046427,
    1.5956878821055094
  ],
  "normalized_train": [
    -0.0005901256796398968,
    -2.6765642086264174,
    -2.897272674202589,
    -3.0147146304047783,
    -3.1196430921153904,
    -3.220962627688714,
    -3.2866371074911633,
    -3.348825462619134,
    -3.3872628449993014,
    -3.4528225342031993,
    -3.4994267065919122,
    -3.5583096662756484,
    -3.6025897780653517,
    -3.6158554195957064,
    -3.6664131958878716,
    -3.710695699810652,
    -3.7288263876832204,
    -3.734234543601342,
    -3.765038609464633,
    -3.799547008633284,
    -3.7976378559665562,
    -3.8021690686143117,
    -3.8236639419790786,
    -3.8402631083723584,
    -3.8479376395142753,
    -3.8595556894537486,
    -3.8712668935057204,
    -3.869071567018497,
    -3.8907043218212007,
    -3.922287833650577,
    -3.9209425607916395,
    -3.928601475516625,
    -3.9362209836241284,
    -3.930737225174574,
    -3.936443050662347,
    -3.9264216422634,
    -3.9453317721284114,
    -3.950308962622948,
    -3.9555045763250867,
    -3.9595974723097362,
    -3.9730983415838756,
    -3.9501699089603304,
    -3.996979780951806,
    -3.9717692652937453,
    -3.982955980260837,
    -3.9795156438744743,
    -3.9823197920716487,
    -3.980754148920047,
    -4.003881672978071,
    -4.002162110765445,
    -3.9920288800792574,
    -4.012431470513014,
    -4.026364791353213,
    -3.9949348608252087,
    -4.003188224593469,
    -4.003602111299503,
    -4.030319082696902,
    -4.023457097967135,
    -4.015513356486626,
    -4.0154148657716,
    -4.046819007356632
  ],
  "normalized_val": [
    0.0024027109546782555,
    -2.6514658530152517,
    -2.8359890460567354,
    -2.9429565190868257,
    -3.0795237699743785,
    -3.182577768921522,
    -3.2721924145615775,
    -3.2920773823655325,
    -3.33745114004579,
    -3.3896242936051566,
    -3.446496228336958,
    -3.470199044505425,
    -3.5405184546705764,
    -3.571089223980574,
    -3.608834898431766,
    -3.642518631577162,
    -3.6699472943541087,
    -3.713032313147851,
    -3.7099517662919244,
    -3.7338421622511424,
    -3.752859950025546,
    -3.73951613899039,
    -3.7691061853961827,
    -3.80298711057471,
    -3.7930626829064567,
    -3.8011506716009658,
    -3.807436104575463,
    -3.8215433477954743,
    -3.8270904302196382,
    -3.8598133802013277,
    -3.8660222887592193,
    -3.860353640675215,
    -3.8682724197304923,
    -3.863031287947961,
    -3.8742092291113415,
    -3.8782704710559726,
    -3.903846808234521,
    -3.877069441437391,
    -3.895272628426222,
    -3.8964480201002636,
    -3.904013729055393,
    -3.8992259859638096,
    -3.9246755003528477,
    -3.9244631647662995,
    -3.918516405383416,
    -3.9203857739365775,
    -3.923521490851708,
    -3.931748557050693,
    -3.928924902240105,
    -3.9458859562473174,
    -3.93960482275453,
    -3.949252875605889,
    -3.9232531149781424,
    -3.959906951546339,
    -3.9531093080437856,
    -3.955468686381646,
    -3.9642547289129775,
    -3.971766400297153,
    -3.9715772747592806,
    -3.9644741057948947,
    -3.961140179594028
  ],
  "final_val_loss": 1.592364005247752,
  "inference_speed_tokens_sec": 360.3500485987689,
  "final_bpc": 6.208652449942052
}