{
  "mode": "byte",
  "vocab_size": 259,
  "total_chars": 70008136,
  "total_tokens": 70219245,
  "tokens_per_char": 1.0030154923707724,
  "val_data_tokens": 7021925,
  "val_chars_approx": 7000813,
  "train_losses": [
    5.59332168896993,
    2.558767533302307,
    2.520323093732198,
    2.501365232467651,
    2.33903960386912,
    2.099652711550395,
    1.9347104191780091,
    1.7962779561678568,
    1.7047073721885682,
    1.6636892000834147,
    1.6134119232495625,
    1.5391670703887939,
    1.5077969392140707,
    1.46124982436498,
    1.4393135190010071,
    1.4238123774528504,
    1.40693488518397,
    1.397867218653361,
    1.392121636867523,
    1.3632301012674968,
    1.3511162678400674,
    1.3458994150161743,
    1.365270773569743,
    1.3339181303977967,
    1.3323534886042276,
    1.316153089205424,
    1.311254660288493,
    1.299087675412496,
    1.3328447580337524,
    1.3053333361943562,
    1.294913125038147,
    1.2799819151560465,
    1.277755363782247,
    1.2880176663398744,
    1.2797982295354207,
    1.280046546459198,
    1.2765895048777263,
    1.2695573528607687,
    1.2651248852411905,
    1.2680328845977784,
    1.2716992815335593,
    1.2452215075492858,
    1.2495436668395996,
    1.2525822877883912,
    1.2362561265627543,
    1.2565276980400086,
    1.2257368763287861,
    1.2363093694051106,
    1.2332282582918803,
    1.2254391670227052,
    1.2280738870302836,
    1.2155837972958883,
    1.2159595211346945,
    1.2068939407666524,
    1.2244445443153382,
    1.2258528868357341,
    1.2129192272822062,
    1.1992294629414877,
    1.2138981938362121,
    1.2082528471946716,
    1.2015836358070373
  ],
  "val_losses": [
    5.591650295257568,
    2.6030604044596353,
    2.5890573978424074,
    2.5481948534647625,
    2.3878453095753986,
    2.174226927757263,
    2.022878050804138,
    1.878914721806844,
    1.8090945760409036,
    1.7484707236289978,
    1.69551788965861,
    1.6311658422152202,
    1.5838763038317363,
    1.5505740841229756,
    1.5167242368062337,
    1.5022970954577128,
    1.4973347862561543,
    1.4654610355695088,
    1.4720128218332926,
    1.4670752843221029,
    1.4470623930295308,
    1.440812313556671,
    1.4337711771329245,
    1.416916561126709,
    1.4028449177742004,
    1.402185606956482,
    1.398379623889923,
    1.399795393149058,
    1.3929364601771037,
    1.3914111296335856,
    1.3882412791252137,
    1.3444912672042846,
    1.378318468729655,
    1.365688399473826,
    1.3692634582519532,
    1.3710036238034566,
    1.3528162439664204,
    1.3521854956944783,
    1.3373506824175516,
    1.3216009815533956,
    1.3322344303131104,
    1.3314613223075866,
    1.3324487447738647,
    1.3282725175221761,
    1.3256134470303853,
    1.3289716521898904,
    1.3239267786343893,
    1.3114947875340779,
    1.318884785970052,
    1.310896110534668,
    1.3118944009145102,
    1.3121714870134988,
    1.2837198932965597,
    1.290644077459971,
    1.315435814857483,
    1.303117569287618,
    1.2801188747088115,
    1.2878565510114035,
    1.3102683305740357,
    1.3119897961616516,
    1.2983651916186014
  ],
  "normalized_train": [
    0.03649362727039307,
    -2.99806052839723,
    -3.0365049679673395,
    -3.055462829231886,
    -3.2177884578304172,
    -3.4571753501491425,
    -3.6221176425215282,
    -3.7605501055316806,
    -3.8521206895109694,
    -3.893138861616123,
    -3.943416138449975,
    -4.017660991310743,
    -4.0490311224854665,
    -4.095578237334557,
    -4.1175145426985305,
    -4.133015684246687,
    -4.149893176515567,
    -4.158960843046176,
    -4.164706424832014,
    -4.19359796043204,
    -4.20571179385947,
    -4.210928646683363,
    -4.191557288129794,
    -4.222909931301741,
    -4.22447457309531,
    -4.240674972494113,
    -4.245573401411044,
    -4.2577403862870415,
    -4.223983303665785,
    -4.251494725505181,
    -4.26191493666139,
    -4.276846146543491,
    -4.27907269791729,
    -4.2688103953596634,
    -4.277029832164117,
    -4.276781515240339,
    -4.280238556821811,
    -4.2872707088387685,
    -4.291703176458347,
    -4.288795177101759,
    -4.285128780165978,
    -4.311606554150251,
    -4.307284394859938,
    -4.304245773911147,
    -4.320571935136783,
    -4.300300363659529,
    -4.331091185370751,
    -4.320518692294427,
    -4.323599803407657,
    -4.331388894676833,
    -4.328754174669253,
    -4.341244264403649,
    -4.340868540564843,
    -4.349934120932885,
    -4.3323835173842,
    -4.330975174863803,
    -4.343908834417331,
    -4.35759859875805,
    -4.342929867863325,
    -4.348575214504866,
    -4.3552444258925
  ],
  "normalized_val": [
    0.034822233558030824,
    -2.953767657239902,
    -2.96777066385713,
    -3.008633208234775,
    -3.1689827521241387,
    -3.3826011339422744,
    -3.533950010895399,
    -3.6779133398926933,
    -3.7477334856586335,
    -3.8083573380705396,
    -3.8613101720409273,
    -3.925662219484317,
    -3.972951757867801,
    -4.006253977576562,
    -4.040103824893304,
    -4.054530966241824,
    -4.0594932754433835,
    -4.091367026130029,
    -4.084815239866245,
    -4.089752777377434,
    -4.109765668670007,
    -4.116015748142866,
    -4.123056884566613,
    -4.139911500572828,
    -4.153983143925337,
    -4.154642454743056,
    -4.158448437809614,
    -4.157032668550479,
    -4.163891601522433,
    -4.165416932065952,
    -4.168586782574324,
    -4.212336794495252,
    -4.178509592969882,
    -4.191139662225711,
    -4.187564603447584,
    -4.1858244378960805,
    -4.204011817733117,
    -4.2046425660050595,
    -4.219477379281986,
    -4.235227080146142,
    -4.224593631386427,
    -4.2253667393919505,
    -4.224379316925672,
    -4.228555544177361,
    -4.2312146146691525,
    -4.227856409509647,
    -4.232901283065148,
    -4.24533327416546,
    -4.237943275729485,
    -4.245931951164869,
    -4.244933660785027,
    -4.244656574686038,
    -4.2731081684029775,
    -4.266183984239566,
    -4.241392246842055,
    -4.253710492411919,
    -4.276709186990725,
    -4.268971510688134,
    -4.246559731125502,
    -4.244838265537886,
    -4.258462870080936
  ],
  "final_val_loss": 1.3070130030314127,
  "inference_speed_tokens_sec": 301.3205706428425,
  "final_bpc": 1.891307550891597
}