{
  "mode": "custom_bpe",
  "vocab_size": 8000,
  "total_chars": 70008136,
  "total_tokens": 19134433,
  "tokens_per_char": 0.2733172755806554,
  "val_data_tokens": 1913444,
  "val_chars_approx": 7000813,
  "train_losses": [
    9.039948972066243,
    6.290163469314575,
    5.888400014241537,
    5.578826904296875,
    5.392679119110108,
    5.178023560841878,
    5.072244485219319,
    4.9555442333221436,
    4.824648110071818,
    4.7687170028686525,
    4.65273478825887,
    4.587923415501913,
    4.505394426981608,
    4.470163853963216,
    4.421662394205729,
    4.372791083653768,
    4.300639073053996,
    4.25714144706726,
    4.225301710764567,
    4.159796047210693,
    4.133862193425497,
    4.084055606524149,
    4.070370713869731,
    4.017443577448527,
    4.017420736948649,
    3.9762239615122477,
    3.9314022699991864,
    3.92679549853007,
    3.9330496390660605,
    3.8910191853841147,
    3.8757734616597492,
    3.8559587001800537,
    3.839006439844767,
    3.8319602727890016,
    3.82806130250295,
    3.8121694326400757,
    3.796994431813558,
    3.79550138314565,
    3.759576185544332,
    3.741930858294169,
    3.754174009958903,
    3.7189660469690957,
    3.743472917874654,
    3.718967827161153,
    3.7144870519638062,
    3.683709136644999,
    3.687877726554871,
    3.6734225749969482,
    3.6842913468678793,
    3.6496769428253173,
    3.6693455457687376,
    3.670320924123128,
    3.6672077735265094,
    3.6492467880249024,
    3.627762802441915,
    3.641129414240519,
    3.6308690150578817,
    3.6128706057866413,
    3.6307421922683716,
    3.6019474903742474,
    3.5998456796010334
  ],
  "val_losses": [
    9.040178298950195,
    6.4022344271341955,
    6.013968086242675,
    5.777364762624105,
    5.5667325814565025,
    5.422489913304647,
    5.266594664255778,
    5.192970291773478,
    5.0930756568908695,
    5.004854536056518,
    4.944828542073568,
    4.880193487803141,
    4.818678029378256,
    4.767362594604492,
    4.724573421478271,
    4.6756926536560055,
    4.615779733657837,
    4.579327201843261,
    4.5291600545247395,
    4.487058146794637,
    4.440741030375163,
    4.381596565246582,
    4.362687508265178,
    4.315265782674154,
    4.275844923655192,
    4.256703170140584,
    4.214478238423665,
    4.188609822591146,
    4.155846230189005,
    4.114738400777181,
    4.149072806040446,
    4.150583410263062,
    4.119022361437479,
    4.089936852455139,
    4.086472264925638,
    4.085242660840352,
    4.079406301180522,
    4.0297483682632445,
    4.039693959554037,
    4.038173707326253,
    4.019687676429749,
    4.0060858726501465,
    3.9834720293680825,
    4.004205107688904,
    4.013003865877788,
    4.0077535311381025,
    3.952883744239807,
    3.938843520482381,
    3.9462178230285643,
    3.967099666595459,
    3.9690747102101644,
    3.928220351537069,
    3.9388807932535808,
    3.951487119992574,
    3.9458414634068806,
    3.9426130851109824,
    3.9052810112635297,
    3.909127696355184,
    3.891732382774353,
    3.9080281019210816,
    3.8996129274368285
  ],
  "normalized_train": [
    0.052752151404270364,
    -2.6970333513473976,
    -3.0987968064204363,
    -3.408369916365098,
    -3.5945177015518652,
    -3.8091732598200947,
    -3.9149523354426536,
    -4.0316525873398295,
    -4.162548710590155,
    -4.2184798177933205,
    -4.334462032403103,
    -4.39927340516006,
    -4.481802393680365,
    -4.517032966698757,
    -4.565534426456244,
    -4.614405737008205,
    -4.686557747607977,
    -4.730055373594713,
    -4.761895109897406,
    -4.82740077345128,
    -4.853334627236476,
    -4.903141214137824,
    -4.916826106792242,
    -4.969753243213446,
    -4.969776083713324,
    -5.010972859149725,
    -5.055794550662787,
    -5.060401322131903,
    -5.054147181595912,
    -5.096177635277858,
    -5.111423359002224,
    -5.131238120481919,
    -5.148190380817206,
    -5.155236547872971,
    -5.159135518159022,
    -5.175027388021897,
    -5.190202388848415,
    -5.191695437516323,
    -5.227620635117641,
    -5.245265962367804,
    -5.23302281070307,
    -5.268230773692878,
    -5.243723902787319,
    -5.26822899350082,
    -5.272709768698167,
    -5.303487684016973,
    -5.299319094107102,
    -5.313774245665025,
    -5.302905473794094,
    -5.337519877836655,
    -5.317851274893235,
    -5.3168758965388445,
    -5.319989047135463,
    -5.337950032637071,
    -5.359434018220059,
    -5.346067406421454,
    -5.356327805604091,
    -5.374326214875332,
    -5.356454628393601,
    -5.385249330287726,
    -5.38735114106094
  ],
  "normalized_val": [
    0.052981478288222306,
    -2.5849623935277775,
    -2.9732287344192976,
    -3.2098320580378683,
    -3.4204642392054705,
    -3.5647069073573263,
    -3.720602156406195,
    -3.794226528888495,
    -3.8941211637711035,
    -3.982342284605455,
    -4.042368278588405,
    -4.107003332858832,
    -4.168518791283717,
    -4.219834226057481,
    -4.262623399183702,
    -4.3115041670059675,
    -4.3714170870041364,
    -4.407869618818712,
    -4.4580367661372335,
    -4.500138673867336,
    -4.54645579028681,
    -4.605600255415391,
    -4.624509312396795,
    -4.671931037987819,
    -4.711351897006781,
    -4.730493650521389,
    -4.772718582238308,
    -4.798586998070827,
    -4.831350590472968,
    -4.872458419884792,
    -4.838124014621527,
    -4.836613410398911,
    -4.868174459224494,
    -4.897259968206834,
    -4.900724555736335,
    -4.901954159821621,
    -4.907790519481451,
    -4.9574484523987286,
    -4.947502861107936,
    -4.94902311333572,
    -4.967509144232224,
    -4.9811109480118265,
    -5.003724791293891,
    -4.982991712973069,
    -4.974192954784185,
    -4.9794432895238705,
    -5.0343130764221655,
    -5.048353300179592,
    -5.040978997633409,
    -5.020097154066514,
    -5.018122110451809,
    -5.058976469124904,
    -5.048316027408392,
    -5.035709700669399,
    -5.041355357255092,
    -5.04458373555099,
    -5.081915809398444,
    -5.078069124306789,
    -5.09546443788762,
    -5.079168718740892,
    -5.087583893225144
  ],
  "final_val_loss": 3.920618947347005,
  "inference_speed_tokens_sec": 354.8622646479357,
  "final_bpc": 1.54595359136848
}