{
  "mode": "byte",
  "vocab_size": 259,
  "total_chars": 70008136,
  "total_tokens": 70219245,
  "tokens_per_char": 1.0030154923707724,
  "val_data_tokens": 7021925,
  "val_chars_approx": 7000813,
  "train_losses": [
    5.669938294092814,
    3.2115017731984454,
    2.469147237141927,
    2.2677732944488525,
    2.1699910958607993,
    2.0838082869847616,
    1.9940810839335124,
    1.9372021595637003,
    1.896684451897939,
    1.873713449637095,
    1.8191770752271017,
    1.802858022848765,
    1.7738742669423422,
    1.7338876048723857,
    1.7145198702812194,
    1.7025396664937338,
    1.6770275433858235,
    1.6589383880297344,
    1.6440969030062358,
    1.6132981101671855,
    1.6112490971883138,
    1.598386255900065,
    1.5799068649609884,
    1.5619168321291605,
    1.561746847629547,
    1.5537844141324362,
    1.5295051336288452,
    1.5481869180997212,
    1.524190318584442,
    1.536390193303426,
    1.5211374560991924,
    1.5072665174802145,
    1.520279296239217,
    1.5037357370058695,
    1.4897298256556193,
    1.482299772898356,
    1.478294305006663,
    1.4887320558230082,
    1.4606441855430603,
    1.4634846011797586,
    1.4627821485201518,
    1.463396394252777,
    1.4464540799458823,
    1.4408633947372436,
    1.434899890422821,
    1.4410018801689148,
    1.4362446824709574,
    1.4329830964406332,
    1.4374860763549804,
    1.4247998078664144,
    1.4270576198895772,
    1.3982909520467122,
    1.4044830322265625,
    1.4152840336163839,
    1.4074803829193114,
    1.4074281573295593,
    1.3809128403663635,
    1.3956711332003275,
    1.3996878226598104,
    1.3845630248387655,
    1.4065813660621642
  ],
  "val_losses": [
    5.663692855834961,
    3.2875885089238484,
    2.545158632596334,
    2.376357674598694,
    2.257502301534017,
    2.1611122767130535,
    2.102292291323344,
    2.044354331493378,
    2.0075649499893187,
    1.9629461169242859,
    1.937791601816813,
    1.8920551220575967,
    1.8752655744552613,
    1.855295439561208,
    1.8393333474795024,
    1.806183354059855,
    1.7758241573969522,
    1.7564619382222493,
    1.7356249690055847,
    1.7435898860295613,
    1.758437160650889,
    1.719266148408254,
    1.691349975268046,
    1.6938678860664367,
    1.6583580414454142,
    1.6812570611635844,
    1.6577041864395141,
    1.6368885119756063,
    1.648919435342153,
    1.6297462264696756,
    1.626322909196218,
    1.6275852282842,
    1.621680466334025,
    1.5977798104286194,
    1.6090431173642477,
    1.6029433091481526,
    1.596697990099589,
    1.5652906854947408,
    1.5726725419362386,
    1.57868572473526,
    1.595273741086324,
    1.5866172750790914,
    1.5648174285888672,
    1.5471054196357727,
    1.5560157378514607,
    1.5665841102600098,
    1.563955291112264,
    1.5620622793833414,
    1.5551003098487854,
    1.5388200481732686,
    1.5525927027066548,
    1.5491390546162924,
    1.548977824052175,
    1.5416005293528239,
    1.5412899057070415,
    1.5342812458674113,
    1.5376786788304646,
    1.5331098318099976,
    1.5185388882954916,
    1.5088108460108438,
    1.5182995557785035
  ],
  "normalized_train": [
    0.11311023239327689,
    -2.345326288501092,
    -3.0876808245576104,
    -3.289054767250685,
    -3.386836965838738,
    -3.4730197747147757,
    -3.5627469777660252,
    -3.6196259021358372,
    -3.6601436098015983,
    -3.6831146120624423,
    -3.7376509864724357,
    -3.753970038850772,
    -3.782953794757195,
    -3.8229404568271517,
    -3.8423081914183177,
    -3.8542883952058036,
    -3.879800518313714,
    -3.8978896736698028,
    -3.9127311586933016,
    -3.943529951532352,
    -3.9455789645112236,
    -3.958441805799472,
    -3.976921196738549,
    -3.994911229570377,
    -3.99508121406999,
    -4.003043647567101,
    -4.027322928070692,
    -4.008641143599816,
    -4.032637743115095,
    -4.020437868396112,
    -4.035690605600345,
    -4.049561544219323,
    -4.036548765460321,
    -4.053092324693668,
    -4.067098236043918,
    -4.074528288801181,
    -4.078533756692874,
    -4.068096005876529,
    -4.096183876156477,
    -4.093343460519779,
    -4.094045913179386,
    -4.09343166744676,
    -4.110373981753655,
    -4.115964666962293,
    -4.121928171276716,
    -4.115826181530623,
    -4.12058337922858,
    -4.123844965258904,
    -4.1193419853445565,
    -4.132028253833123,
    -4.12977044180996,
    -4.158537109652825,
    -4.152345029472975,
    -4.141544028083153,
    -4.1493476787802255,
    -4.149399904369978,
    -4.175915221333174,
    -4.16115692849921,
    -4.157140239039727,
    -4.172265036860772,
    -4.150246695637373
  ],
  "normalized_val": [
    0.10686479413542394,
    -2.269239552775689,
    -3.0116694291032036,
    -3.1804703871008435,
    -3.2993257601655204,
    -3.395715784986484,
    -3.4545357703761934,
    -3.5124737302061595,
    -3.5492631117102187,
    -3.5938819447752515,
    -3.6190364598827243,
    -3.6647729396419404,
    -3.681562487244276,
    -3.7015326221383296,
    -3.717494714220035,
    -3.7506447076396823,
    -3.781003904302585,
    -3.8003661234772883,
    -3.8212030926939526,
    -3.813238175669976,
    -3.7983909010486485,
    -3.8375619132912835,
    -3.8654780864314913,
    -3.8629601756331007,
    -3.8984700202541234,
    -3.875571000535953,
    -3.899123875260023,
    -3.919939549723931,
    -3.9079086263573846,
    -3.9270818352298615,
    -3.9305051525033194,
    -3.929242833415337,
    -3.935147595365512,
    -3.959048251270918,
    -3.9477849443352895,
    -3.9538847525513847,
    -3.9601300715999486,
    -3.9915373762047963,
    -3.9841555197632985,
    -3.9781423369642774,
    -3.9615543206132133,
    -3.970210786620446,
    -3.99201063311067,
    -4.009722642063765,
    -4.000812323848077,
    -3.9902439514395276,
    -3.9928727705872733,
    -3.994765782316196,
    -4.001727751850752,
    -4.018008013526269,
    -4.004235358992883,
    -4.007689007083245,
    -4.007850237647363,
    -4.015227532346714,
    -4.015538155992496,
    -4.022546815832126,
    -4.019149382869073,
    -4.02371822988954,
    -4.038289173404046,
    -4.048017215688693,
    -4.038528505921034
  ],
  "final_val_loss": 1.53532874584198,
  "inference_speed_tokens_sec": 283.10815918786113,
  "final_bpc": 2.2216908656432652
}