{
  "mode": "hf_bpe",
  "vocab_size": 8000,
  "total_chars": 70008136,
  "total_tokens": 18424568,
  "tokens_per_char": 0.2631775255378889,
  "val_data_tokens": 1842457,
  "val_chars_approx": 7000813,
  "train_losses": [
    9.015639305114746,
    7.081913948059082,
    7.055581903457641,
    6.611155319213867,
    6.367864688237508,
    6.238522211710612,
    6.124196974436442,
    5.997402477264404,
    5.921792713801066,
    5.857899125417074,
    5.747393544514974,
    5.688125212987264,
    5.64826283454895,
    5.5755853176116945,
    5.50399227142334,
    5.456407880783081,
    5.421790726979574,
    5.387059577306112,
    5.362969509760538,
    5.294228808085124,
    5.270126867294311,
    5.229650227228801,
    5.2127547899882,
    5.210883680979411,
    5.159895324707032,
    5.115955718358358,
    5.084097814559937,
    5.079383595784505,
    5.046349414189657,
    5.0241264184316,
    4.998806778589884,
    4.987873220443726,
    4.985539404551188,
    4.96481466293335,
    4.936331160863241,
    4.911143493652344,
    4.9026561578114825,
    4.892355791727701,
    4.881001869837443,
    4.851835568745931,
    4.842019065221151,
    4.808587137858073,
    4.818860975901286,
    4.778334395090739,
    4.761610317230224,
    4.7829453627268474,
    4.7408081213633215,
    4.7457848707834875,
    4.736781930923462,
    4.718485244115194,
    4.715842278798421,
    4.69871187210083,
    4.703596862157186,
    4.660827414194743,
    4.6507469654083256,
    4.639089727401734,
    4.650532182057699,
    4.647977590560913,
    4.627808141708374,
    4.598778120676676,
    4.601457103093465
  ],
  "val_losses": [
    9.018319670359293,
    7.153275314966837,
    7.087998914718628,
    6.734867699941,
    6.485957972208658,
    6.37927606900533,
    6.262304147084554,
    6.166724809010824,
    6.099119329452515,
    6.002661101023356,
    5.927561235427857,
    5.879398695627848,
    5.841596221923828,
    5.776405970255534,
    5.723803901672364,
    5.713604736328125,
    5.6518073081970215,
    5.657371950149536,
    5.60046402613322,
    5.572728045781454,
    5.538656679789225,
    5.523683516184489,
    5.47676698366801,
    5.466128524144491,
    5.447144730885824,
    5.402794742584229,
    5.4179924329121905,
    5.391370900472006,
    5.345236603418986,
    5.34232055346171,
    5.322309748331706,
    5.2788675626118975,
    5.266842635472615,
    5.266966772079468,
    5.232749525705973,
    5.226590172449748,
    5.248881546656291,
    5.243465264638265,
    5.2145920117696125,
    5.194483518600464,
    5.166471449534098,
    5.160698827107748,
    5.1437353452046715,
    5.148971319198608,
    5.156796344121298,
    5.126454925537109,
    5.103263966242472,
    5.082757759094238,
    5.073931455612183,
    5.107090822855631,
    5.076486126581828,
    5.070255406697592,
    5.048733075459798,
    5.044111935297648,
    5.0395373980204266,
    5.00251137415568,
    5.0298581918080645,
    5.038055467605591,
    4.994438314437867,
    5.0267097155253095,
    5.014616839090983
  ],
  "normalized_train": [
    0.028442484452773087,
    -1.905282872602891,
    -1.9316149172043318,
    -2.376041501448106,
    -2.619332132424465,
    -2.7486746089513607,
    -2.862999846225531,
    -2.989794343397569,
    -3.065404106860907,
    -3.129297695244899,
    -3.239803276146999,
    -3.2990716076747093,
    -3.338933986113023,
    -3.4116115030502785,
    -3.483204549238633,
    -3.5307889398788923,
    -3.565406093682399,
    -3.600137243355861,
    -3.6242273109014347,
    -3.6929680125768494,
    -3.7170699533676617,
    -3.7575465934331724,
    -3.7744420306737734,
    -3.7763131396825624,
    -3.8273014959549414,
    -3.871241102303615,
    -3.9030990061020363,
    -3.9078132248774677,
    -3.940847406472316,
    -3.9630704022303727,
    -3.988390042072089,
    -3.999323600218247,
    -4.001657416110785,
    -4.022382157728623,
    -4.050865659798732,
    -4.076053327009629,
    -4.0845406628504906,
    -4.094841028934272,
    -4.10619495082453,
    -4.135361251916042,
    -4.145177755440822,
    -4.1786096828039,
    -4.168335844760687,
    -4.208862425571234,
    -4.225586503431749,
    -4.204251457935126,
    -4.2463886992986515,
    -4.2414119498784855,
    -4.2504148897385114,
    -4.268711576546779,
    -4.271354541863552,
    -4.288484948561143,
    -4.283599958504787,
    -4.32636940646723,
    -4.3364498552536475,
    -4.348107093260239,
    -4.336664638604274,
    -4.33921923010106,
    -4.359388678953599,
    -4.388418699985297,
    -4.385739717568508
  ],
  "normalized_val": [
    0.031122849697320376,
    -1.8339215056951357,
    -1.8991979059433453,
    -2.2523291207209732,
    -2.5012388484533146,
    -2.6079207516566427,
    -2.7248926735774193,
    -2.820472011651149,
    -2.888077491209458,
    -2.9845357196386173,
    -3.0596355852341164,
    -3.107798125034125,
    -3.1456005987381452,
    -3.210790850406439,
    -3.2633929189896094,
    -3.273592084333848,
    -3.3353895124649515,
    -3.3298248705124367,
    -3.3867327945287533,
    -3.414468774880519,
    -3.4485401408727476,
    -3.463513304477484,
    -3.5104298369939633,
    -3.521068296517482,
    -3.5400520897761494,
    -3.584402078077744,
    -3.5692043877497825,
    -3.5958259201899674,
    -3.6419602172429872,
    -3.644876267200263,
    -3.6648870723302673,
    -3.7083292580500755,
    -3.7203541851893576,
    -3.720230048582505,
    -3.754447294956,
    -3.7606066482122253,
    -3.738315274005682,
    -3.7437315560237083,
    -3.7726048088923605,
    -3.792713302061509,
    -3.8207253711278746,
    -3.8264979935542254,
    -3.8434614754573015,
    -3.8382255014633646,
    -3.8304004765406754,
    -3.860741895124864,
    -3.883932854419501,
    -3.904439061567735,
    -3.9132653650497904,
    -3.880105997806342,
    -3.9107106940801453,
    -3.9169414139643814,
    -3.938463745202175,
    -3.9430848853643248,
    -3.9476594226415465,
    -3.984685446506293,
    -3.9573386288539085,
    -3.9491413530563824,
    -3.9927585062241064,
    -3.9604871051366635,
    -3.9725799815709903
  ],
  "final_val_loss": 4.988665580749512,
  "inference_speed_tokens_sec": 520.7443348016747,
  "final_bpc": 1.8941214148133079
}