{
  "mode": "hf_bpe",
  "vocab_size": 8000,
  "total_chars": 70008136,
  "total_tokens": 18424568,
  "tokens_per_char": 0.2631775255378889,
  "val_data_tokens": 1842457,
  "val_chars_approx": 7000813,
  "train_losses": [
    9.055975945790609,
    6.310403156280517,
    5.927186425526937,
    5.669324588775635,
    5.502183119455974,
    5.320856650670369,
    5.164767424265544,
    5.067897478739421,
    4.916453091303508,
    4.882874234517415,
    4.779846318562826,
    4.703214311599732,
    4.627268234888713,
    4.604945373535156,
    4.503375228246053,
    4.467578887939453,
    4.419484996795655,
    4.36671085357666,
    4.346360715230306,
    4.270158195495606,
    4.2578388214111325,
    4.229768721262614,
    4.1808255036671955,
    4.123237133026123,
    4.12602682908376,
    4.064583428700765,
    4.071680386861165,
    4.032142750422159,
    4.04487198193868,
    4.013986770311991,
    3.968484942118327,
    3.9700181404749553,
    3.978562577565511,
    3.945972458521525,
    3.9303301413853964,
    3.904843974113464,
    3.903577478726705,
    3.9428282658259075,
    3.8715917984644572,
    3.887859908739726,
    3.8457703828811645,
    3.8561566273371377,
    3.821936082839966,
    3.851041237513224,
    3.813890552520752,
    3.82385516166687,
    3.7712158441543577,
    3.8119375785191854,
    3.7829869588216147,
    3.8011001348495483,
    3.783296815554301,
    3.759336519241333,
    3.754044946034749,
    3.7621318737665814,
    3.7540009737014772,
    3.7223764340082806,
    3.743714213371277,
    3.729041600227356,
    3.726075522104899,
    3.7293547948201495,
    3.7289020379384357
  ],
  "val_losses": [
    9.051930236816407,
    6.4410515308380125,
    6.087828350067139,
    5.855895551045736,
    5.676286538441976,
    5.529669888814291,
    5.411378367741903,
    5.312618287404378,
    5.200673262278239,
    5.11229461034139,
    5.046068493525187,
    5.012940359115601,
    4.954812717437744,
    4.903954776128133,
    4.857462724049886,
    4.793071460723877,
    4.718119446436564,
    4.687025324503581,
    4.652387634913127,
    4.594770590464274,
    4.548184108734131,
    4.509506622950236,
    4.4525599161783855,
    4.40241797765096,
    4.437522824605306,
    4.364362303415934,
    4.338558959960937,
    4.331016763051351,
    4.302223507563273,
    4.279220231374105,
    4.2612801392873125,
    4.245872004826864,
    4.243892828623454,
    4.2407116731007894,
    4.201239188512166,
    4.213428656260173,
    4.163656202952067,
    4.19013090133667,
    4.130020427703857,
    4.141555595397949,
    4.135890642801921,
    4.130043840408325,
    4.096130649248759,
    4.09331218401591,
    4.103844920794169,
    4.083972922960917,
    4.091989135742187,
    4.095072627067566,
    4.0507267395655315,
    4.077386156717936,
    4.036606192588806,
    4.064474002520243,
    4.054091620445251,
    4.05254328250885,
    4.0252529303232825,
    4.037842830022176,
    4.0081171751022335,
    4.031387686729431,
    4.00467476050059,
    4.041005309422811,
    4.052251036961874
  ],
  "normalized_train": [
    0.0687791251286356,
    -2.6767936643814556,
    -3.060010395135036,
    -3.317872231886338,
    -3.4850137012059994,
    -3.666340169991604,
    -3.822429396396429,
    -3.919299341922552,
    -4.070743729358465,
    -4.104322586144558,
    -4.207350502099147,
    -4.283982509062241,
    -4.35992858577326,
    -4.382251447126817,
    -4.48382159241592,
    -4.51961793272252,
    -4.567711823866318,
    -4.620485967085313,
    -4.640836105431667,
    -4.717038625166367,
    -4.7293579992508405,
    -4.757428099399359,
    -4.8063713169947775,
    -4.86395968763585,
    -4.861169991578213,
    -4.922613391961208,
    -4.915516433800808,
    -4.955054070239814,
    -4.942324838723293,
    -4.973210050349982,
    -5.018711878543646,
    -5.017178680187017,
    -5.008634243096462,
    -5.041224362140448,
    -5.056866679276577,
    -5.082352846548509,
    -5.083619341935268,
    -5.0443685548360655,
    -5.115605022197515,
    -5.099336911922247,
    -5.141426437780808,
    -5.131040193324836,
    -5.165260737822007,
    -5.136155583148749,
    -5.173306268141221,
    -5.163341658995103,
    -5.215980976507615,
    -5.175259242142788,
    -5.204209861840358,
    -5.186096685812425,
    -5.203900005107672,
    -5.22786030142064,
    -5.233151874627223,
    -5.225064946895392,
    -5.233195846960496,
    -5.2648203866536925,
    -5.243482607290696,
    -5.258155220434617,
    -5.2611212985570734,
    -5.257842025841823,
    -5.258294782723537
  ],
  "normalized_val": [
    0.06473341615443395,
    -2.5461452898239605,
    -2.899368470594834,
    -3.1313012696162374,
    -3.3109102822199974,
    -3.4575269318476822,
    -3.5758184529200703,
    -3.674578533257595,
    -3.786523558383734,
    -3.874902210320583,
    -3.941128327136786,
    -3.9742564615463722,
    -4.032384103224229,
    -4.08324204453384,
    -4.129734096612087,
    -4.194125359938096,
    -4.269077374225409,
    -4.300171496158392,
    -4.334809185748846,
    -4.392426230197699,
    -4.439012711927842,
    -4.477690197711737,
    -4.5346369044835875,
    -4.584778843011013,
    -4.549673996056667,
    -4.622834517246039,
    -4.648637860701036,
    -4.656180057610622,
    -4.6849733130987,
    -4.707976589287868,
    -4.7259166813746605,
    -4.741324815835109,
    -4.743303992038519,
    -4.746485147561184,
    -4.785957632149807,
    -4.7737681644018,
    -4.823540617709906,
    -4.797065919325303,
    -4.857176392958116,
    -4.845641225264024,
    -4.851306177860052,
    -4.857152980253648,
    -4.891066171413214,
    -4.893884636646063,
    -4.883351899867804,
    -4.903223897701056,
    -4.895207684919786,
    -4.892124193594407,
    -4.9364700810964415,
    -4.909810663944037,
    -4.950590628073167,
    -4.92272281814173,
    -4.933105200216722,
    -4.934653538153123,
    -4.9619438903386905,
    -4.949353990639797,
    -4.9790796455597395,
    -4.955809133932542,
    -4.982522060161383,
    -4.946191511239162,
    -4.934945783700099
  ],
  "final_val_loss": 4.03714037736257,
  "inference_speed_tokens_sec": 350.90967198933123,
  "final_bpc": 1.5328415825021167
}