{
  "mode": "custom_bpe",
  "vocab_size": 8000,
  "total_chars": 70008136,
  "total_tokens": 19134433,
  "tokens_per_char": 0.2733172755806554,
  "val_data_tokens": 1913444,
  "val_chars_approx": 7000813,
  "train_losses": [
    9.024910163879394,
    7.212253363927205,
    7.215515089035034,
    6.56272341410319,
    6.204302740097046,
    5.978276125590006,
    5.870530891418457,
    5.735277271270752,
    5.675679047902425,
    5.588724025090536,
    5.549121061960856,
    5.467333745956421,
    5.412366914749145,
    5.373821194966634,
    5.318059635162354,
    5.272793610890706,
    5.243333832422892,
    5.177124770482381,
    5.157446988423666,
    5.142525053024292,
    5.085364961624146,
    5.045055675506592,
    5.001617558797201,
    4.986086718241373,
    4.928783003489176,
    4.916017500559489,
    4.881387122472128,
    4.8831331888834635,
    4.82594002087911,
    4.840578190485636,
    4.815954303741455,
    4.8023678461710615,
    4.749229017893473,
    4.76224700609843,
    4.716550175348917,
    4.685222387313843,
    4.693174012502035,
    4.663097238540649,
    4.673622989654541,
    4.645846780141195,
    4.633895540237427,
    4.617921495437622,
    4.580491781234741,
    4.555209175745646,
    4.556975905100504,
    4.5485964934031164,
    4.5305123647054035,
    4.5240585009257,
    4.516758298873901,
    4.507567977905273,
    4.4959829171498615,
    4.4758936882019045,
    4.446425072352091,
    4.473636213938395,
    4.449346955617269,
    4.416223859786987,
    4.431854073206583,
    4.428910605112711,
    4.41189538637797,
    4.37371031443278,
    4.390883652369181
  ],
  "val_losses": [
    9.025231266021729,
    7.284978787104289,
    7.2878254095713295,
    6.67909426689148,
    6.32524561882019,
    6.097523593902588,
    5.972503614425659,
    5.9109318097432455,
    5.823915656407674,
    5.758372481664022,
    5.712454048792521,
    5.65377106666565,
    5.586475515365601,
    5.555650011698405,
    5.513968483606974,
    5.497843281428019,
    5.461381689707438,
    5.4507968107859295,
    5.363475561141968,
    5.349408086140951,
    5.317124605178833,
    5.294849363962809,
    5.271752421061198,
    5.242316897710165,
    5.198396364847819,
    5.209568277994792,
    5.194598372777303,
    5.164532168706258,
    5.13454794883728,
    5.117452843983968,
    5.114160871505737,
    5.1196688969930015,
    5.077181164423624,
    5.0721571763356526,
    5.053486394882202,
    5.028619718551636,
    5.016179466247559,
    4.993716939290365,
    5.024884986877441,
    4.97665228843689,
    4.962217076619466,
    4.963327773412069,
    4.956096410751343,
    4.9204693794250485,
    4.9067279179890955,
    4.886382722854615,
    4.8975261688232425,
    4.895311641693115,
    4.849239126841227,
    4.856209850311279,
    4.8710580190022785,
    4.869574069976807,
    4.866690762837728,
    4.83739275932312,
    4.835337432225545,
    4.825487407048543,
    4.800886758168539,
    4.824823490778605,
    4.803150574366252,
    4.790811077753703,
    4.756883891423543
  ],
  "normalized_train": [
    0.037713343217420814,
    -1.7749434567347677,
    -1.7716817316269386,
    -2.424473406558783,
    -2.782894080564927,
    -3.008920695071967,
    -3.116665929243516,
    -3.2519195493912214,
    -3.311517772759548,
    -3.398472795571437,
    -3.4380757587011166,
    -3.519863074705552,
    -3.5748299059128277,
    -3.6133756256953387,
    -3.6691371854996193,
    -3.714403209771267,
    -3.743862988239081,
    -3.810072050179592,
    -3.8297498322383072,
    -3.8446717676376814,
    -3.901831859037827,
    -3.9421411451553814,
    -3.985579261864772,
    -4.0011101024206,
    -4.058413817172797,
    -4.071179320102484,
    -4.105809698189845,
    -4.1040636317785095,
    -4.161256799782863,
    -4.146618630176337,
    -4.171242516920518,
    -4.1848289744909115,
    -4.2379678027685,
    -4.224949814563543,
    -4.270646645313056,
    -4.30197443334813,
    -4.294022808159938,
    -4.324099582121324,
    -4.313573831007432,
    -4.341350040520778,
    -4.353301280424546,
    -4.369275325224351,
    -4.406705039427232,
    -4.431987644916327,
    -4.430220915561469,
    -4.438600327258857,
    -4.4566844559565695,
    -4.463138319736273,
    -4.470438521788072,
    -4.4796288427567,
    -4.4912139035121115,
    -4.5113031324600685,
    -4.540771748309882,
    -4.513560606723578,
    -4.537849865044704,
    -4.570972960874986,
    -4.55534274745539,
    -4.558286215549262,
    -4.575301434284003,
    -4.613486506229193,
    -4.596313168292792
  ],
  "normalized_val": [
    0.038034445359755864,
    -1.702218033557684,
    -1.6993714110906435,
    -2.3081025537704933,
    -2.6619512018417826,
    -2.8896732267593848,
    -3.0146932062363136,
    -3.0762650109187275,
    -3.1632811642542986,
    -3.228824338997951,
    -3.2747427718694517,
    -3.3334257539963232,
    -3.400721305296372,
    -3.431546808963568,
    -3.473228337054999,
    -3.489353539233954,
    -3.525815130954535,
    -3.5364000098760435,
    -3.6237212595200052,
    -3.6377887345210222,
    -3.67007221548314,
    -3.6923474566991636,
    -3.7154443996007753,
    -3.7448799229518084,
    -3.7888004558141537,
    -3.7776285426671814,
    -3.7925984478846697,
    -3.822664651955715,
    -3.8526488718246927,
    -3.869743976678005,
    -3.873035949156236,
    -3.8675279236689715,
    -3.9100156562383486,
    -3.9150396443263205,
    -3.933710425779771,
    -3.958577102110337,
    -3.971017354414414,
    -3.9934798813716084,
    -3.962311833784532,
    -4.010544532225083,
    -4.024979744042507,
    -4.023869047249904,
    -4.03110040991063,
    -4.0667274412369245,
    -4.0804689026728775,
    -4.100814097807358,
    -4.0896706518387305,
    -4.091885178968858,
    -4.137957693820746,
    -4.130986970350694,
    -4.1161388016596945,
    -4.117622750685166,
    -4.120506057824245,
    -4.149804061338853,
    -4.151859388436428,
    -4.16170941361343,
    -4.186310062493434,
    -4.162373329883368,
    -4.184046246295721,
    -4.19638574290827,
    -4.23031292923843
  ],
  "final_val_loss": 4.766802247365316,
  "inference_speed_tokens_sec": 509.52205096308967,
  "final_bpc": 1.8796152221435243
}